{"version":1,"backdrop":{"visible":false,"settings":{"filename":"paper-texture","rgb":16777215,"kind":"builtin"}},"scale":3,"width":896,"orientation":8,"timelapseEnabled":false,"layers":[{"opacity":1,"hidden":false,"hasContent":false,"filename":"Layer100.png","id":100},{"hasContent":false,"hidden":false,"opacity":1,"id":101,"filename":"Layer101.png"},{"hasContent":false,"opacity":1,"filename":"Layer102.png","hidden":false,"id":102},{"opacity":1,"hidden":false,"id":103,"hasContent":false,"filename":"Layer103.png"},{"hasContent":false,"hidden":false,"opacity":1,"filename":"Layer104.png","id":104}],"underlay":{"orientation":1,"settings":{"subdivisions":0,"kind":"grid","spacing":40},"intensity":0,"visible":false},"height":414,"currentLayerIndex":0}