{ "backdrop": { "settings": { "filename": "paper-texture", "kind": "builtin", "rgb": 16777215 }, "visible": true }, "currentLayerIndex": 1, "height": 414, "layers": [ { "filename": "Layer100.png", "hasContent": true, "hidden": false, "id": 100, "opacity": 1 }, { "filename": "Layer101.png", "hasContent": false, "hidden": true, "id": 101, "opacity": 1 }, { "filename": "Layer102.png", "hasContent": false, "hidden": false, "id": 102, "opacity": 1 }, { "filename": "Layer103.png", "hasContent": false, "hidden": false, "id": 103, "opacity": 1 }, { "filename": "Layer104.png", "hasContent": false, "hidden": false, "id": 104, "opacity": 1 } ], "orientation": 8, "scale": 3, "timelapseEnabled": false, "underlay": { "orientation": 1, "settings": { "kind": "grid", "spacing": 40, "subdivisions": 0 }, "visible": false }, "version": 1, "width": 736 }
